name,blades,rad_coord,twist,chord
SuperGen,3,0.12,0.331612558,0.067
,,0.18,0.215548163,0.0666
,,0.24,0.173834793,0.0627
,,0.3,0.155508836,0.0593
,,0.36,0.13962634,0.0559
,,0.42,0.122696646,0.053
,,0.48,0.108384947,0.0514
,,0.54,0.100181899,0.0498
,,0.594,0.095993109,0.044
